iteration,state,num_high_quality,high_quality_percent
0,0.4595395091729831,59.48,29.74
100,0.47747219031825894,55.97,27.985
200,0.49351473746903757,53.85,26.925
300,0.5071350993766905,52.55,26.275
400,0.5189783710235334,52.0,26.0
500,0.5296297997175946,51.57,25.785
600,0.539257727893839,51.35,25.675
700,0.5475960223423829,51.42,25.71
800,0.555142063676181,51.39,25.695
900,0.562063992364769,51.58,25.79
1000,0.5686427522733764,51.66,25.83
1100,0.5746000338159629,51.84,25.92
1200,0.5801638725169336,52.1,26.05
1300,0.5852816381118386,52.36,26.18
1400,0.5900962553216202,52.66,26.33
1500,0.5946220179552228,53.0,26.5
1600,0.598979038016353,53.33,26.665
1700,0.6030546900183321,53.63,26.815
1800,0.6069783250202557,53.97,26.985
1900,0.6107313548748647,54.38,27.19
2000,0.6142753988704642,54.77,27.385
2100,0.6176827212535745,55.15,27.575
2200,0.6210133626745754,55.47,27.735
2300,0.6242252845967062,55.87,27.935
2400,0.6273347529804656,56.21,28.105
2500,0.6303225196708103,56.59,28.295
2600,0.633125033217572,56.86,28.43
2700,0.6358522387042307,57.2,28.6
2800,0.6384971398759093,57.56,28.78
2900,0.641017212387831,57.87,28.935
3000,0.6435044209051121,58.29,29.145
3100,0.6459213455092565,58.65,29.325
3200,0.6482739253524287,58.96,29.48
3300,0.6505796408241917,59.32,29.66
3400,0.65281747372036,59.76,29.88
3500,0.655007720547507,60.01,30.005
3600,0.6571277429775051,60.49,30.245
3700,0.6592092766494879,60.94,30.47
3800,0.6612420688759515,61.34,30.67
3900,0.6631896701100453,61.64,30.82
4000,0.6650867000696269,61.98,30.99
4100,0.6669402185794732,62.35,31.175
4200,0.6687622748688724,62.73,31.365
4300,0.6705642926152215,63.09,31.545
4400,0.6723237947665333,63.44,31.72
4500,0.6740216427813179,63.84,31.92
4600,0.6757355417556817,64.12,32.06
4700,0.6774237985320519,64.49,32.245
4800,0.6790446665782326,64.83,32.415
4900,0.680624686005644,65.23,32.615
5000,0.6821817688416668,65.55,32.775
5100,0.6837355106075208,66.0,33.0
5200,0.6852573271787744,66.36,33.18
5300,0.6867366596395235,66.69,33.345
5400,0.6881994164125045,67.11,33.555
5500,0.689637111288044,67.48,33.74
5600,0.691023903756107,67.83,33.915
5700,0.6924017754888773,68.23,34.115
5800,0.6937437341207726,68.59,34.295
5900,0.6950690546491413,68.84,34.42
6000,0.6963643743876581,69.15,34.575
6100,0.6976737693330535,69.53,34.765
6200,0.6989224205853312,69.8,34.9
6300,0.7001707684455737,70.08,35.04
6400,0.7013928355670248,70.37,35.185
6500,0.7026096183645464,70.64,35.32
6600,0.7038002879991042,71.08,35.54
6700,0.7049968367270485,71.31,35.655
6800,0.7061513710702354,71.52,35.76
6900,0.7073182061345236,71.85,35.925
7000,0.7084384734336946,72.11,36.055
7100,0.709527737284877,72.49,36.245
7200,0.7106117978767855,72.75,36.375
7300,0.7116836976897568,73.09,36.545
7400,0.7127606058595174,73.46,36.73
7500,0.7138067354188484,73.75,36.875
7600,0.714835223501571,74.1,37.05
7700,0.7158622071492983,74.43,37.215
7800,0.7168759962796549,74.78,37.39
7900,0.7178780047818283,75.13,37.565
8000,0.7188780276922632,75.43,37.715
8100,0.7198435976481536,75.7,37.85
8200,0.7208262652077032,76.03,38.015
8300,0.7217823307148491,76.36,38.18
8400,0.7227109220323787,76.6,38.3
8500,0.7236304371735929,76.82,38.41
8600,0.7245450464533563,77.19,38.595
8700,0.7254515853057432,77.46,38.73
8800,0.7263389422419958,77.68,38.84
8900,0.7272180180629771,77.9,38.95
9000,0.7281165047987896,78.17,39.085
9100,0.7289764113364136,78.5,39.25
9200,0.7298175564799304,78.76,39.38
9300,0.7306502842498517,79.01,39.505
9400,0.7314771603644442,79.29,39.645
9500,0.7323145077585962,79.51,39.755
9600,0.7331255384265948,79.78,39.89
9700,0.7339341441668255,80.03,40.015
9800,0.7347158025046855,80.23,40.115
9900,0.7355050854201112,80.48,40.24
10000,0.7362834003945449,80.74,40.37
10100,0.7370568134228975,80.96,40.48
10200,0.7378332684138512,81.3,40.65
10300,0.7385883723697982,81.61,40.805
10400,0.7393288979437047,81.9,40.95
10500,0.7400729585307557,82.17,41.085
10600,0.740806514122411,82.43,41.215
10700,0.7415269029580019,82.74,41.37
10800,0.7422335384739465,83.02,41.51
10900,0.7429352489866052,83.26,41.63
11000,0.7436487902399728,83.52,41.76
11100,0.7443407265627474,83.75,41.875
11200,0.7450339877212464,84.07,42.035
11300,0.7457138682662755,84.26,42.13
11400,0.7463870006415813,84.51,42.255
11500,0.74707132702217,84.71,42.355
11600,0.7477375876981495,84.92,42.46
11700,0.748396980037505,85.12,42.56
11800,0.7490469211785376,85.27,42.635
11900,0.749688947184988,85.46,42.73
12000,0.7503309826372437,85.62,42.81
12100,0.7509589662001441,85.78,42.89
12200,0.7515900510798335,86.03,43.015
12300,0.7522036563480664,86.23,43.115
12400,0.7528205520109792,86.41,43.205
12500,0.7534289049255816,86.57,43.285
12600,0.7540238123056853,86.81,43.405
12700,0.7546139638318149,86.97,43.485
12800,0.7552137127157833,87.25,43.625
12900,0.7558057648326841,87.44,43.72
13000,0.756390133016471,87.61,43.805
13100,0.7569748624142396,87.77,43.885
13200,0.7575443731466224,87.96,43.98
13300,0.758117874428575,88.15,44.075
13400,0.7586878336009609,88.32,44.16
13500,0.7592492839457715,88.54,44.27
13600,0.7597941664486271,88.7,44.35
13700,0.7603439921074119,88.9,44.45
13800,0.7608822697627707,89.05,44.525
13900,0.7614256406925982,89.31,44.655
14000,0.7619631836098714,89.54,44.77
14100,0.7625001461437114,89.76,44.88
14200,0.7630163970935783,89.99,44.995
14300,0.7635398945227919,90.09,45.045
14400,0.7640539251778609,90.29,45.145
14500,0.7645758227323589,90.4,45.2
14600,0.7650844809872949,90.54,45.27
14700,0.7655933767399107,90.69,45.345
14800,0.7660877805677189,90.92,45.46
14900,0.7665845852170383,91.07,45.535
15000,0.7670881412815348,91.24,45.62
15100,0.7675830677516666,91.37,45.685
15200,0.7680795294746986,91.57,45.785
15300,0.7685684601248894,91.72,45.86
15400,0.7690469762252843,91.88,45.94
15500,0.7695337983759778,92.01,46.005
15600,0.7700041965581731,92.13,46.065
15700,0.7704772961951838,92.25,46.125
15800,0.7709507149726241,92.44,46.22
15900,0.7714183379504779,92.65,46.325
16000,0.7718794421262035,92.83,46.415
16100,0.7723338707840274,92.99,46.495
16200,0.7727928317462726,93.11,46.555
16300,0.7732465813153666,93.27,46.635
16400,0.7736936633443032,93.44,46.72
16500,0.7741341765570482,93.53,46.765
16600,0.7745786466927637,93.68,46.84
16700,0.7750200454193451,93.78,46.89
16800,0.7754544939839324,94.01,47.005
16900,0.775889399882188,94.08,47.04
17000,0.7763143737293795,94.23,47.115
17100,0.7767456970435633,94.41,47.205
17200,0.7771625445717762,94.53,47.265
17300,0.7775859806413818,94.76,47.38
17400,0.7780010783607118,94.99,47.495
17500,0.7784192313929631,95.09,47.545
17600,0.7788398425733147,95.24,47.62
17700,0.7792618407802431,95.38,47.69
17800,0.7796637411667873,95.53,47.765
17900,0.7800686427708012,95.68,47.84
18000,0.7804647598199083,95.89,47.945
18100,0.7808669018364377,96.02,48.01
18200,0.7812633496997858,96.17,48.085
18300,0.7816571784980835,96.33,48.165
18400,0.7820503277374755,96.37,48.185
18500,0.7824330223424493,96.44,48.22
18600,0.7828255492939732,96.59,48.295
18700,0.7832146057504495,96.78,48.39
18800,0.7835981434288183,96.99,48.495
18900,0.7839781802171253,97.12,48.56
19000,0.7843597928966344,97.31,48.655
19100,0.7847323796713629,97.5,48.75
19200,0.7851069009729099,97.6,48.8
19300,0.7854812503518959,97.79,48.895
19400,0.7858467363903752,97.91,48.955
19500,0.7862102693659943,98.08,49.04
19600,0.7865771551818922,98.21,49.105
19700,0.7869473643298233,98.37,49.185
19800,0.7873036839728232,98.49,49.245
19900,0.7876547872758747,98.63,49.315
20000,0.7880157140972944,98.73,49.365
20100,0.7883628783277226,98.81,49.405
20200,0.788713305208789,98.89,49.445
20300,0.7890661480459723,99.01,49.505
20400,0.789419319161023,99.09,49.545
20500,0.7897706285117424,99.24,49.62
20600,0.7901198445003353,99.46,49.73
20700,0.7904635093071323,99.63,49.815
20800,0.7908007636022246,99.76,49.88
20900,0.7911382284588305,99.94,49.97
21000,0.7914741359612185,100.1,50.05
21100,0.7918098930322148,100.19,50.095
21200,0.7921446582037543,100.28,50.14
21300,0.7924784236472466,100.43,50.215
21400,0.7928072194495062,100.63,50.315
21500,0.7931367404493718,100.77,50.385
21600,0.7934632505700396,100.9,50.45
21700,0.7937856771126656,100.99,50.495
21800,0.794110610915574,101.1,50.55
21900,0.7944317745188078,101.24,50.62
22000,0.7947449664904676,101.32,50.66
22100,0.7950689743249406,101.47,50.735
22200,0.7953882764930679,101.6,50.8
22300,0.7957056304803486,101.7,50.85
22400,0.7960128566781901,101.81,50.905
22500,0.7963230381690678,101.97,50.985
22600,0.7966282971795703,102.04,51.02
22700,0.7969359164162472,102.16,51.08
22800,0.7972383874074894,102.34,51.17
22900,0.7975510490580244,102.46,51.23
23000,0.7978520129895006,102.56,51.28
23100,0.7981500410790177,102.73,51.365
23200,0.7984517698486046,102.83,51.415
23300,0.7987538232339929,103.01,51.505
23400,0.7990526695935692,103.16,51.58
23500,0.7993494402563062,103.23,51.615
23600,0.7996504624241578,103.35,51.675
23700,0.7999394134384687,103.45,51.725
23800,0.800228968295395,103.58,51.79
23900,0.8005152705442866,103.73,51.865
24000,0.8008056168010265,103.81,51.905
24100,0.8010944218742196,104.03,52.015
24200,0.8013797495046,104.21,52.105
24300,0.8016603574883804,104.38,52.19
24400,0.8019408624350776,104.48,52.24
24500,0.8022263705579655,104.59,52.295
24600,0.8025067374486148,104.69,52.345
24700,0.8027827473574379,104.77,52.385
24800,0.8030549171436523,104.96,52.48
24900,0.8033314178773037,105.07,52.535
25000,0.8036047357081901,105.15,52.575
25100,0.8038736733526821,105.27,52.635
25200,0.8041369336188837,105.41,52.705
25300,0.8044092829887093,105.53,52.765
25400,0.8046780534324696,105.66,52.83
25500,0.8049464920293272,105.74,52.87
25600,0.8052172689122555,105.87,52.935
25700,0.8054841541016178,105.99,52.995
25800,0.8057456389966455,106.11,53.055
25900,0.8060104371279411,106.22,53.11
26000,0.8062709510653835,106.32,53.16
26100,0.8065292049681319,106.4,53.2
26200,0.8067854756822248,106.52,53.26
26300,0.8070454160237245,106.56,53.28
26400,0.8073068722749684,106.69,53.345
26500,0.8075639070642754,106.82,53.41
26600,0.8078190872737387,106.88,53.44
26700,0.8080730994488295,106.95,53.475
26800,0.8083270827314404,107.08,53.54
26900,0.8085782311754453,107.21,53.605
27000,0.8088277393813176,107.27,53.635
27100,0.809073943636053,107.37,53.685
27200,0.8093195531865071,107.43,53.715
27300,0.809570813178204,107.56,53.78
27400,0.8098207199533821,107.64,53.82
27500,0.8100717196992447,107.75,53.875
27600,0.8103202859100078,107.85,53.925
27700,0.810567525559471,107.99,53.995
27800,0.8108123430806977,108.08,54.04
27900,0.8110544915437715,108.19,54.095
28000,0.811290957331711,108.32,54.16
28100,0.8115313575237437,108.36,54.18
28200,0.8117691299492232,108.47,54.235
28300,0.8120083073694582,108.55,54.275
28400,0.812244572854741,108.67,54.335
28500,0.8124772084899324,108.78,54.39
28600,0.8127054775377254,108.88,54.44
28700,0.8129345082137439,109.01,54.505
28800,0.8131695721368536,109.14,54.57
28900,0.8134013536586708,109.29,54.645
29000,0.8136278502078811,109.33,54.665
29100,0.8138579233165434,109.42,54.71
29200,0.8140901868929349,109.49,54.745
29300,0.8143181264869477,109.54,54.77
29400,0.8145467700681095,109.59,54.795
29500,0.8147720442769183,109.65,54.825
29600,0.8149948806988024,109.69,54.845
29700,0.8152219202812983,109.84,54.92
29800,0.8154481202069889,109.93,54.965
29900,0.8156711907321746,110.01,55.005
30000,0.8158931426382868,110.09,55.045
30100,0.8161186824910825,110.18,55.09
30200,0.8163393659865527,110.27,55.135
30300,0.8165576086645552,110.32,55.16
30400,0.8167783012240348,110.4,55.2
30500,0.8169943319886604,110.46,55.23
30600,0.8172137429052078,110.47,55.235
30700,0.8174290270023856,110.57,55.285
30800,0.8176457597028824,110.64,55.32
30900,0.817861814394766,110.78,55.39
31000,0.8180771257263182,110.82,55.41
31100,0.818290416555314,110.89,55.445
31200,0.8184988782645705,110.92,55.46
31300,0.8187064284923882,111.01,55.505
31400,0.8189150313464562,111.16,55.58
31500,0.8191219635988124,111.22,55.61
31600,0.8193332785188915,111.29,55.645
31700,0.8195370223668005,111.33,55.665
31800,0.8197380230874947,111.41,55.705
31900,0.8199421740234802,111.47,55.735
32000,0.8201451539719605,111.54,55.77
32100,0.8203460216431431,111.61,55.805
32200,0.8205503595171794,111.76,55.88
32300,0.8207520824264172,111.87,55.935
32400,0.8209543254555218,111.93,55.965
32500,0.8211569578811622,112.03,56.015
32600,0.8213557411255336,112.07,56.035
32700,0.8215539668259045,112.18,56.09
32800,0.8217515937933321,112.28,56.14
32900,0.8219426184912669,112.37,56.185
33000,0.8221405480638905,112.42,56.21
33100,0.8223367459437075,112.57,56.285
33200,0.8225335835954393,112.72,56.36
33300,0.8227275693956078,112.74,56.37
33400,0.8229206541665941,112.77,56.385
33500,0.8231135616325618,112.82,56.41
33600,0.823303591970473,112.9,56.45
33700,0.8234931481157082,113.0,56.5
33800,0.823683663015837,113.09,56.545
33900,0.8238738741387743,113.18,56.59
34000,0.8240647706031681,113.28,56.64
34100,0.8242552423403577,113.38,56.69
34200,0.8244446445136187,113.48,56.74
34300,0.8246314897868462,113.53,56.765
34400,0.8248187352791219,113.58,56.79
34500,0.8250012239635328,113.7,56.85
34600,0.8251875591126427,113.75,56.875
34700,0.8253734963403483,113.87,56.935
34800,0.825557163953118,113.97,56.985
34900,0.8257415523676486,114.06,57.03
35000,0.8259275664102016,114.14,57.07
35100,0.8261074829452639,114.21,57.105
35200,0.8262855875752932,114.29,57.145
35300,0.826467479232079,114.43,57.215
35400,0.8266506520885456,114.53,57.265
35500,0.8268314311866288,114.65,57.325
35600,0.8270116038905703,114.69,57.345
35700,0.8271948550400312,114.72,57.36
35800,0.827371455701123,114.81,57.405
35900,0.8275483573377168,114.88,57.44
36000,0.82772570041121,114.99,57.495
36100,0.8279010687626741,115.04,57.52
36200,0.8280792415782854,115.11,57.555
36300,0.8282554025805302,115.19,57.595
36400,0.8284290822736566,115.25,57.625
36500,0.8285998039865994,115.28,57.64
36600,0.8287746222296023,115.41,57.705
36700,0.8289482813092376,115.49,57.745
36800,0.8291201942506663,115.55,57.775
36900,0.8292892774184507,115.65,57.825
37000,0.829457534285222,115.68,57.84
37100,0.8296249259094389,115.72,57.86
37200,0.8297912305892561,115.8,57.9
37300,0.8299622373005648,115.83,57.915
37400,0.8301288408176913,115.9,57.95
37500,0.8302922683921126,115.96,57.98
37600,0.830456596617643,115.99,57.995
37700,0.8306219518608473,116.05,58.025
37800,0.8307872403379869,116.09,58.045
37900,0.8309518729314823,116.13,58.065
38000,0.8311180763605792,116.23,58.115
38100,0.8312842451849837,116.31,58.155
38200,0.8314464220428356,116.41,58.205
38300,0.8316093273697419,116.46,58.23
38400,0.8317708740488393,116.52,58.26
38500,0.8319348291027837,116.57,58.285
38600,0.8320954105214449,116.65,58.325
38700,0.832259609875684,116.73,58.365
38800,0.8324181162533353,116.79,58.395
38900,0.8325790511243208,116.83,58.415
39000,0.8327343728687956,116.91,58.455
39100,0.8328883036907269,116.98,58.49
39200,0.8330469460056119,117.01,58.505
39300,0.8332053909176728,117.06,58.53
39400,0.833360563079373,117.16,58.58
39500,0.8335180875011039,117.24,58.62
39600,0.8336760979123723,117.28,58.64
39700,0.8338309501929088,117.39,58.695
39800,0.833982706781234,117.51,58.755
39900,0.8341388223285968,117.65,58.825
40000,0.834291799371845,117.68,58.84
40100,0.8344427347003441,117.74,58.87
40200,0.8345973441308929,117.8,58.9
40300,0.8347502747864748,117.87,58.935
40400,0.8349011629181179,117.91,58.955
40500,0.8350490235935331,117.96,58.98
40600,0.8351976389693021,118.0,59.0
40700,0.8353508171676008,118.08,59.04
40800,0.8355017775669401,118.11,59.055
40900,0.8356487914604261,118.17,59.085
41000,0.8357969109141976,118.26,59.13
41100,0.8359441903395272,118.31,59.155
41200,0.83609030669432,118.34,59.17
41300,0.8362395792591633,118.39,59.195
41400,0.8363858180889123,118.42,59.21
41500,0.8365312793812889,118.46,59.23
41600,0.8366780022547708,118.51,59.255
41700,0.8368251728414018,118.58,59.29
41800,0.8369704083753898,118.64,59.32
41900,0.8371151092371345,118.68,59.34
42000,0.8372593609174962,118.75,59.375
42100,0.8374009256943924,118.8,59.4
42200,0.8375439859511886,118.86,59.43
42300,0.8376874390795558,118.92,59.46
42400,0.8378315065121089,119.04,59.52
42500,0.8379765103476282,119.17,59.585
42600,0.8381161738083567,119.23,59.615
42700,0.8382596840777751,119.27,59.635
42800,0.8383981777398428,119.33,59.665
42900,0.8385364676524537,119.38,59.69
43000,0.8386760151575479,119.44,59.72
43100,0.8388139126820797,119.49,59.745
43200,0.8389548048415143,119.55,59.775
43300,0.8390939742812002,119.61,59.805
43400,0.8392346482283901,119.62,59.81
43500,0.839371719978017,119.67,59.835
43600,0.8395079424960638,119.74,59.87
43700,0.8396447113872906,119.85,59.925
43800,0.8397798666182453,119.87,59.935
43900,0.8399163268041119,120.01,60.005
44000,0.840051526083982,120.07,60.035
44100,0.8401868412003055,120.12,60.06
44200,0.8403215077942002,120.16,60.08
44300,0.8404544508553964,120.25,60.125
44400,0.8405889105958013,120.33,60.165
44500,0.8407189418420772,120.4,60.2
44600,0.8408504670381386,120.44,60.22
44700,0.8409835454188364,120.5,60.25
44800,0.8411173042467972,120.52,60.26
44900,0.8412515232739195,120.63,60.315
45000,0.8413834128026199,120.73,60.365
45100,0.8415116547274504,120.77,60.385
45200,0.8416414555703517,120.82,60.41
45300,0.8417722873943564,120.86,60.43
45400,0.8419045044323556,120.89,60.445
45500,0.8420360252391973,120.9,60.45
45600,0.842166714656677,120.99,60.495
45700,0.8422973813859183,121.11,60.555
45800,0.8424285042359372,121.2,60.6
45900,0.8425538327281019,121.26,60.63
46000,0.8426807369397664,121.33,60.665
46100,0.8428104504022537,121.35,60.675
46200,0.8429376925073291,121.41,60.705
46300,0.8430664568494782,121.44,60.72
46400,0.8431972261119149,121.48,60.74
46500,0.8433248353223404,121.53,60.765
46600,0.8434541877683022,121.59,60.795
46700,0.8435822198827789,121.67,60.835
46800,0.8437070180369466,121.71,60.855
46900,0.8438316499754427,121.81,60.905
47000,0.8439547997789073,121.83,60.915
47100,0.8440767760076963,121.87,60.935
47200,0.8442033276567231,121.93,60.965
47300,0.84432702428413,121.97,60.985
47400,0.84445215563073,121.98,60.99
47500,0.844575357455393,122.01,61.005
47600,0.8446965194141667,122.08,61.04
47700,0.8448198478883335,122.13,61.065
47800,0.844943261325508,122.19,61.095
47900,0.8450655874328405,122.22,61.11
48000,0.8451856341546542,122.29,61.145
48100,0.8453072788573257,122.38,61.19
48200,0.8454285640911477,122.45,61.225
48300,0.8455503553024505,122.5,61.25
48400,0.8456716098137979,122.57,61.285
48500,0.8457927827644649,122.65,61.325
48600,0.8459114705215975,122.7,61.35
48700,0.8460322607692808,122.74,61.37
48800,0.8461513837408217,122.81,61.405
48900,0.8462727125265646,122.9,61.45
49000,0.8463910052860943,122.97,61.485
49100,0.8465092453313785,123.01,61.505
49200,0.8466270149121958,123.07,61.535
49300,0.846742949153906,123.1,61.55
49400,0.8468603946235324,123.14,61.57
49500,0.8469776591202133,123.22,61.61
49600,0.8470950147091011,123.28,61.64
49700,0.8472112632957188,123.29,61.645
49800,0.8473268867452657,123.32,61.66
49900,0.847442478449989,123.36,61.68
50000,0.847556485152355,123.39,61.695
50100,0.8476724239203426,123.44,61.72
50200,0.8477881475118145,123.53,61.765
50300,0.8479014181609622,123.54,61.77
50400,0.848016917030069,123.66,61.83
50500,0.8481307028708598,123.72,61.86
50600,0.8482434774938955,123.75,61.875
50700,0.848356971631804,123.77,61.885
50800,0.8484697218220822,123.8,61.9
50900,0.8485801470045417,123.82,61.91
51000,0.8486920525095932,123.87,61.935
51100,0.8488035238947758,123.92,61.96
51200,0.8489148402774529,123.96,61.98
51300,0.8490254638756592,123.98,61.99
51400,0.8491318386271034,124.05,62.025
51500,0.849241708925109,124.06,62.03
51600,0.8493523216815414,124.11,62.055
51700,0.8494600539736886,124.18,62.09
51800,0.8495702268912525,124.22,62.11
51900,0.8496817377285858,124.25,62.125
52000,0.8497918353306748,124.29,62.145
52100,0.84990051929038,124.32,62.16
52200,0.8500095967409976,124.4,62.2
52300,0.8501176528916808,124.45,62.225
52400,0.8502243595873198,124.48,62.24
52500,0.850332924195903,124.51,62.255
52600,0.8504409112624287,124.53,62.265
52700,0.8505520196428615,124.55,62.275
52800,0.850656814943444,124.64,62.32
52900,0.8507633651122742,124.69,62.345
53000,0.8508698576526065,124.72,62.36
53100,0.8509773030621764,124.76,62.38
53200,0.851082205656398,124.88,62.44
53300,0.851188378266319,124.91,62.455
53400,0.8512955709592254,124.97,62.485
53500,0.8514007820622592,125.03,62.515
53600,0.8515067508715688,125.11,62.555
53700,0.851611444752645,125.14,62.57
53800,0.8517150880492224,125.19,62.595
53900,0.8518211721939783,125.21,62.605
54000,0.8519263929804042,125.26,62.63
54100,0.8520294146103616,125.32,62.66
54200,0.8521331044865045,125.35,62.675
54300,0.8522340052940313,125.38,62.69
54400,0.8523392917648083,125.4,62.7
54500,0.8524403160814142,125.46,62.73
54600,0.8525438856809514,125.54,62.77
54700,0.8526468772348919,125.6,62.8
54800,0.8527501939519846,125.66,62.83
54900,0.8528559513006843,125.73,62.865
55000,0.852958263868532,125.76,62.88
55100,0.8530584882098975,125.79,62.895
55200,0.8531599505045879,125.84,62.92
55300,0.8532608332527027,125.89,62.945
55400,0.8533624022612561,125.91,62.955
55500,0.8534640327519787,125.97,62.985
55600,0.8535647706536938,126.01,63.005
55700,0.8536648714337935,126.01,63.005
55800,0.8537644675382193,126.07,63.035
55900,0.8538641366131319,126.14,63.07
56000,0.8539642891366236,126.17,63.085
56100,0.8540611591383983,126.23,63.115
56200,0.8541601511063248,126.25,63.125
56300,0.8542576665536303,126.33,63.165
56400,0.854358453425531,126.35,63.175
56500,0.8544572787778821,126.4,63.2
56600,0.8545562098079104,126.42,63.21
56700,0.854653664527697,126.45,63.225
56800,0.8547514586451641,126.53,63.265
56900,0.8548486928693171,126.6,63.3
57000,0.8549465506543568,126.66,63.33
57100,0.8550442503437417,126.72,63.36
57200,0.8551426417431991,126.81,63.405
57300,0.8552406172256872,126.94,63.47
57400,0.8553375664146227,126.98,63.49
57500,0.8554339762828697,126.99,63.495
57600,0.855529587773505,127.03,63.515
57700,0.8556258847767806,127.05,63.525
57800,0.8557204980073361,127.06,63.53
57900,0.8558148539452815,127.14,63.57
58000,0.8559118597764599,127.22,63.61
58100,0.8560080154709676,127.26,63.63
58200,0.8561034313601344,127.32,63.66
58300,0.856198767897283,127.4,63.7
58400,0.8562931884896624,127.42,63.71
58500,0.8563888919260414,127.49,63.745
58600,0.8564816605405671,127.52,63.76
58700,0.8565761164202366,127.56,63.78
58800,0.8566678582828903,127.59,63.795
58900,0.8567610009559532,127.67,63.835
59000,0.85685535642137,127.7,63.85
59100,0.8569489232684281,127.71,63.855
59200,0.857039616075485,127.73,63.865
59300,0.8571308676781332,127.77,63.885
59400,0.8572254215768447,127.79,63.895
59500,0.8573193093272887,127.81,63.905
59600,0.8574124051337979,127.87,63.935
59700,0.8575031013587844,127.92,63.96
59800,0.8575953119805293,127.95,63.975
59900,0.8576879677123217,128.03,64.015
60000,0.8577775354289016,128.06,64.03
60100,0.8578682498683438,128.1,64.05
60200,0.8579573005310668,128.16,64.08
60300,0.8580486011475137,128.19,64.095
60400,0.858138755317252,128.26,64.13
60500,0.858230863957933,128.28,64.14
60600,0.8583235919560106,128.29,64.145
60700,0.8584131942697357,128.32,64.16
60800,0.8585044079780388,128.37,64.185
60900,0.8585944918043285,128.43,64.215
61000,0.85868344184659,128.5,64.25
61100,0.8587729948380908,128.53,64.265
61200,0.858862461359094,128.6,64.3
61300,0.8589530746354315,128.63,64.315
61400,0.859041656618287,128.68,64.34
61500,0.8591312048795057,128.69,64.345
61600,0.859219262857689,128.71,64.355
61700,0.8593082489868549,128.75,64.375
61800,0.8593959112142834,128.82,64.41
61900,0.8594828335056981,128.87,64.435
62000,0.8595704524003608,128.96,64.48
62100,0.8596547407020937,128.99,64.495
62200,0.8597437237273639,129.01,64.505
62300,0.8598285838148232,129.09,64.545
62400,0.8599148431894288,129.13,64.565
62500,0.8600014578466335,129.17,64.585
62600,0.8600868055963304,129.19,64.595
62700,0.8601720801383627,129.23,64.615
62800,0.8602563798953501,129.26,64.63
62900,0.8603431982678553,129.29,64.645
63000,0.8604288751653426,129.35,64.675
63100,0.8605147681844337,129.39,64.695
63200,0.8605991109056109,129.41,64.705
63300,0.8606847567637925,129.44,64.72
63400,0.8607712386873878,129.5,64.75
63500,0.8608573618922912,129.56,64.78
63600,0.8609422297773874,129.59,64.795
63700,0.8610250199708187,129.62,64.81
63800,0.8611080967956732,129.66,64.83
63900,0.8611897406432815,129.68,64.84
64000,0.8612745852286254,129.71,64.855
64100,0.8613613550402696,129.76,64.88
64200,0.8614443247532209,129.78,64.89
64300,0.8615294853721523,129.81,64.905
64400,0.8616133034366232,129.82,64.91
64500,0.8616964919242598,129.85,64.925
64600,0.8617812324967056,129.87,64.935
64700,0.8618650123557643,129.88,64.94
64800,0.8619471444436462,129.99,64.995
64900,0.8620325093832192,130.03,65.015
65000,0.8621137309599857,130.06,65.03
65100,0.8621963408215464,130.09,65.045
65200,0.8622785500409339,130.14,65.07
65300,0.8623592868842733,130.18,65.09
65400,0.8624412709200232,130.23,65.115
65500,0.8625238803865193,130.23,65.115
65600,0.8626060800221821,130.28,65.14
65700,0.862688658688433,130.31,65.155
65800,0.8627702926812978,130.32,65.16
65900,0.8628507061786985,130.34,65.17
66000,0.8629325241326904,130.41,65.205
66100,0.8630135356804226,130.42,65.21
66200,0.8630949021029153,130.44,65.22
66300,0.8631742716889238,130.52,65.26
66400,0.8632550831130343,130.55,65.275
66500,0.8633334630966778,130.58,65.29
66600,0.8634137000942512,130.61,65.305
66700,0.8634956882712417,130.67,65.335
66800,0.8635749146765919,130.69,65.345
66900,0.8636544435553128,130.7,65.35
67000,0.8637352399520727,130.73,65.365
67100,0.8638139822872319,130.79,65.395
67200,0.8638917975687203,130.8,65.4
67300,0.8639706171911414,130.83,65.415
67400,0.8640484930777771,130.86,65.43
67500,0.864127313328041,130.88,65.44
67600,0.8642051966947146,130.91,65.455
67700,0.8642816752148945,130.99,65.495
67800,0.8643605288245101,131.01,65.505
67900,0.8644398731299339,131.03,65.515
68000,0.8645184396208992,131.06,65.53
68100,0.8645966995710124,131.13,65.565
68200,0.8646752665818035,131.14,65.57
68300,0.8647529988238848,131.17,65.585
68400,0.8648299187619506,131.21,65.605
68500,0.8649072866620543,131.24,65.62
68600,0.8649853939814683,131.25,65.625
68700,0.8650628644401672,131.29,65.645
68800,0.8651396377333727,131.34,65.67
68900,0.8652163192819239,131.38,65.69
69000,0.8652927719002689,131.38,65.69
69100,0.8653688872377532,131.42,65.71
69200,0.8654450346704397,131.44,65.72
69300,0.8655217235374992,131.45,65.725
69400,0.8655966466007632,131.47,65.735
69500,0.865672240189548,131.51,65.755
69600,0.8657467207750894,131.56,65.78
69700,0.8658229060420615,131.61,65.805
69800,0.8658976236067899,131.64,65.82
69900,0.8659704633292938,131.66,65.83
70000,0.8660450884829506,131.67,65.835
70100,0.8661199829806834,131.71,65.855
70200,0.866193416759059,131.76,65.88
70300,0.8662680854626227,131.8,65.9
70400,0.8663420025662535,131.84,65.92
70500,0.8664170617517177,131.87,65.935
70600,0.8664910237332546,131.89,65.945
70700,0.8665654611147515,131.95,65.975
70800,0.8666404645878761,132.0,66.0
70900,0.8667136731758118,132.04,66.02
71000,0.8667875124122574,132.09,66.045
71100,0.8668621315022257,132.16,66.08
71200,0.8669358149227324,132.21,66.105
71300,0.8670091945300565,132.23,66.115
71400,0.8670827562169411,132.26,66.13
71500,0.8671548813462064,132.27,66.135
71600,0.8672269420035904,132.29,66.145
71700,0.8672993362213286,132.32,66.16
71800,0.8673707638072631,132.34,66.17
71900,0.8674414612013804,132.37,66.185
72000,0.8675130658267858,132.39,66.195
72100,0.8675845733605463,132.46,66.23
72200,0.8676566647217799,132.5,66.25
72300,0.8677282849513371,132.55,66.275
72400,0.8678001464010753,132.57,66.285
72500,0.8678724427728209,132.6,66.3
72600,0.8679437770313655,132.62,66.31
72700,0.8680172300630632,132.63,66.315
72800,0.8680893401576607,132.67,66.335
72900,0.8681601127225895,132.74,66.37
73000,0.8682299418816903,132.76,66.38
73100,0.8682990193856562,132.78,66.39
73200,0.8683680797950661,132.83,66.415
73300,0.8684388931764251,132.86,66.43
73400,0.8685082426960875,132.88,66.44
73500,0.8685780453834763,132.92,66.46
73600,0.8686478201364222,132.93,66.465
73700,0.8687171803709919,133.0,66.5
73800,0.8687868022391992,133.05,66.525
73900,0.8688557001394228,133.07,66.535
74000,0.8689253094197743,133.09,66.545
74100,0.8689938575054742,133.12,66.56
74200,0.8690630086286916,133.13,66.565
74300,0.8691325604484362,133.14,66.57
74400,0.8692025096753276,133.18,66.59
74500,0.8692734630038349,133.22,66.61
74600,0.8693404071434098,133.28,66.64
74700,0.8694096397478783,133.32,66.66
74800,0.8694788734574955,133.34,66.67
74900,0.8695474191937508,133.38,66.69
75000,0.8696151452949308,133.4,66.7
75100,0.8696844281427175,133.42,66.71
75200,0.8697523583212373,133.46,66.73
75300,0.8698205991326879,133.48,66.74
75400,0.8698866530720202,133.49,66.745
75500,0.8699541371702355,133.53,66.765
75600,0.8700233691151752,133.59,66.795
75700,0.8700923020695202,133.61,66.805
75800,0.8701590708096789,133.68,66.84
75900,0.8702265889998272,133.69,66.845
76000,0.8702949372892165,133.73,66.865
76100,0.8703610766831547,133.75,66.875
76200,0.8704277913106968,133.78,66.89
76300,0.8704957293225675,133.79,66.895
76400,0.870563466201879,133.8,66.9
76500,0.8706288531485515,133.83,66.915
76600,0.8706948126210047,133.87,66.935
76700,0.870761625718384,133.9,66.95
76800,0.8708283188721431,133.93,66.965
76900,0.8708959938271518,133.99,66.995
77000,0.8709638531166296,134.04,67.02
77100,0.8710297699299904,134.06,67.03
77200,0.8710966798607624,134.08,67.04
77300,0.8711626065317482,134.11,67.055
77400,0.8712295479681421,134.16,67.08
77500,0.8712953291633696,134.18,67.09
77600,0.8713608251173126,134.18,67.09
77700,0.8714266039397927,134.2,67.1
77800,0.8714930911048806,134.23,67.115
77900,0.8715590350387883,134.25,67.125
78000,0.8716243866071939,134.26,67.13
78100,0.871687445486576,134.3,67.15
78200,0.8717529152501897,134.35,67.175
78300,0.8718178940010104,134.37,67.185
78400,0.8718814297808151,134.4,67.2
78500,0.8719439331003191,134.44,67.22
78600,0.8720076450714604,134.48,67.24
78700,0.8720716899002399,134.49,67.245
78800,0.8721355169415815,134.53,67.265
78900,0.8721990293899438,134.55,67.275
79000,0.8722632646971996,134.62,67.31
79100,0.8723274390240979,134.64,67.32
79200,0.8723912715597685,134.66,67.33
79300,0.8724541879422906,134.67,67.335
79400,0.8725183722191074,134.69,67.345
79500,0.8725806464322549,134.74,67.37
79600,0.8726438406002256,134.76,67.38
79700,0.8727072740390202,134.77,67.385
79800,0.8727709839738353,134.79,67.395
79900,0.8728340200490069,134.84,67.42
80000,0.8728968090364507,134.84,67.42
80100,0.8729589856668144,134.86,67.43
80200,0.8730230001230217,134.89,67.445
80300,0.8730854508155764,134.91,67.455
80400,0.8731479944474555,134.94,67.47
80500,0.8732098842401637,134.97,67.485
80600,0.8732729256668695,134.98,67.49
80700,0.873335207252138,135.05,67.525
80800,0.8733972730962207,135.09,67.545
80900,0.8734579397141704,135.09,67.545
81000,0.8735198910334624,135.13,67.565
81100,0.8735817843200118,135.15,67.575
81200,0.8736435318503925,135.19,67.595
81300,0.8737060758616586,135.23,67.615
81400,0.8737674633704625,135.26,67.63
81500,0.8738301943469006,135.28,67.64
81600,0.873890946037129,135.32,67.66
81700,0.8739516188355949,135.38,67.69
81800,0.8740125476098456,135.39,67.695
81900,0.8740724248951767,135.42,67.71
82000,0.8741345086536744,135.44,67.72
82100,0.8741936592533408,135.51,67.755
82200,0.8742557886577622,135.54,67.77
82300,0.8743168017551035,135.56,67.78
82400,0.8743778858769561,135.58,67.79
82500,0.8744384310119728,135.58,67.79
82600,0.8744986754033043,135.61,67.805
82700,0.8745586465831164,135.63,67.815
82800,0.8746192744389326,135.63,67.815
82900,0.8746783003779335,135.63,67.815
83000,0.8747378690567355,135.67,67.835
83100,0.8747988256652046,135.73,67.865
83200,0.874857634923185,135.76,67.88
83300,0.8749172824181667,135.79,67.895
83400,0.8749762951953696,135.82,67.91
83500,0.8750364163069575,135.83,67.915
83600,0.8750966505155637,135.86,67.93
83700,0.8751559403832337,135.88,67.94
83800,0.8752151420635763,135.9,67.95
83900,0.8752759098346067,135.92,67.96
84000,0.8753344947355824,135.94,67.97
84100,0.875392214610947,135.95,67.975
84200,0.8754504148571616,136.01,68.005
84300,0.8755087287360456,136.05,68.025
84400,0.8755680182771493,136.1,68.05
84500,0.875627208990658,136.13,68.065
84600,0.875686299599714,136.15,68.075
84700,0.8757442637838975,136.16,68.08
84800,0.8758007245205169,136.19,68.095
84900,0.8758598225685661,136.2,68.1
85000,0.8759194410449885,136.23,68.115
85100,0.8759779294131984,136.26,68.13
85200,0.8760367276920126,136.29,68.145
85300,0.8760943289867521,136.3,68.15
85400,0.8761528837822076,136.32,68.16
85500,0.8762101100573222,136.37,68.185
85600,0.8762669197662234,136.38,68.19
85700,0.8763239446923646,136.42,68.21
85800,0.8763816881748079,136.44,68.22
85900,0.8764395911213135,136.46,68.23
86000,0.8764961597968507,136.48,68.24
86100,0.876552317027586,136.5,68.25
86200,0.8766096631978612,136.52,68.26
86300,0.8766669411384672,136.57,68.285
86400,0.8767240501380941,136.61,68.305
86500,0.8767811145163585,136.62,68.31
86600,0.8768375018625876,136.66,68.33
86700,0.8768938693562665,136.72,68.36
86800,0.8769505734082973,136.74,68.37
86900,0.8770076309621766,136.75,68.375
87000,0.8770639954818745,136.77,68.385
87100,0.8771202116359248,136.78,68.39
87200,0.8771757033546466,136.81,68.405
87300,0.8772335727838596,136.86,68.43
87400,0.8772907178939167,136.9,68.45
87500,0.8773456841086759,136.91,68.455
87600,0.8774019935647058,136.92,68.46
87700,0.8774575709788855,136.96,68.48
87800,0.8775145495832948,136.98,68.49
87900,0.8775710879412105,137.0,68.5
88000,0.877626576561229,137.05,68.525
88100,0.8776816901218083,137.08,68.54
88200,0.8777377919018683,137.1,68.55
88300,0.8777918131494618,137.11,68.555
88400,0.8778475659255419,137.12,68.56
88500,0.877903351278788,137.15,68.575
88600,0.8779581942983721,137.18,68.59
88700,0.8780150681452881,137.19,68.595
88800,0.8780690998748678,137.22,68.61
88900,0.878124902645138,137.22,68.61
89000,0.8781791182737411,137.26,68.63
89100,0.8782342958183829,137.28,68.64
89200,0.8782894607569492,137.32,68.66
89300,0.8783445141276596,137.34,68.67
89400,0.8784000039811999,137.36,68.68
89500,0.8784539157882938,137.42,68.71
89600,0.8785078241904372,137.45,68.725
89700,0.8785631169712974,137.46,68.73
89800,0.8786174440724163,137.46,68.73
89900,0.8786712736447853,137.51,68.755
90000,0.8787248057793504,137.53,68.765
90100,0.8787783336147686,137.58,68.79
90200,0.8788330288561532,137.61,68.805
90300,0.8788866071052134,137.66,68.83
90400,0.8789412184411902,137.67,68.835
90500,0.8789942661503681,137.67,68.835
90600,0.8790475677713171,137.7,68.85
90700,0.8791003711056611,137.75,68.875
90800,0.8791535944228707,137.78,68.89
90900,0.879205810556227,137.79,68.895
91000,0.8792611538588088,137.82,68.91
91100,0.8793142819970419,137.85,68.925
91200,0.8793678642200469,137.9,68.95
91300,0.8794222611023526,137.92,68.96
91400,0.8794745926449988,137.92,68.96
91500,0.8795267906369557,137.95,68.975
91600,0.8795787306120517,137.96,68.98
91700,0.8796316078997148,138.0,69.0
91800,0.8796819769799642,138.03,69.015
91900,0.8797345253681607,138.05,69.025
92000,0.8797869404480188,138.1,69.05
92100,0.8798406006677788,138.12,69.06
92200,0.8798918146540196,138.16,69.08
92300,0.8799431131844786,138.16,69.08
92400,0.8799958237395248,138.17,69.085
92500,0.8800483478379332,138.22,69.11
92600,0.8801011687567675,138.24,69.12
92700,0.8801534895207179,138.27,69.135
92800,0.8802052395387213,138.29,69.145
92900,0.8802566426488072,138.32,69.16
93000,0.880308275718046,138.36,69.18
93100,0.8803593076363447,138.39,69.195
93200,0.8804116827998449,138.41,69.205
93300,0.8804631486903935,138.44,69.22
93400,0.8805151432527387,138.49,69.245
93500,0.8805666292138022,138.51,69.255
93600,0.8806159527936892,138.51,69.255
93700,0.8806677141747515,138.54,69.27
93800,0.8807184018878503,138.55,69.275
93900,0.8807700359974859,138.6,69.3
94000,0.8808200307405475,138.6,69.3
94100,0.8808703175805751,138.61,69.305
94200,0.8809204254787862,138.66,69.33
94300,0.8809711670371321,138.68,69.34
94400,0.8810220829232874,138.71,69.355
94500,0.881071711423894,138.75,69.375
94600,0.8811216296761741,138.76,69.38
94700,0.8811707016607911,138.79,69.395
94800,0.8812230522792953,138.83,69.415
94900,0.8812728750747323,138.85,69.425
95000,0.8813233507072811,138.87,69.435
95100,0.8813737737846066,138.9,69.45
95200,0.8814246821527005,138.91,69.455
95300,0.8814742431298073,138.96,69.48
95400,0.8815228755110533,138.96,69.48
95500,0.8815732201531545,138.97,69.485
95600,0.881622167435543,138.97,69.485
95700,0.8816722849625174,139.02,69.51
95800,0.8817216331724712,139.03,69.515
95900,0.8817710898523653,139.05,69.525
96000,0.8818216428478209,139.07,69.535
96100,0.8818714701728684,139.12,69.56
96200,0.8819203305991333,139.17,69.585
96300,0.8819694826824913,139.19,69.595
96400,0.8820182236095908,139.24,69.62
96500,0.8820666428271379,139.28,69.64
96600,0.8821164858082007,139.31,69.655
96700,0.8821676218940708,139.33,69.665
96800,0.8822166462988399,139.33,69.665
96900,0.882265452193339,139.35,69.675
97000,0.8823140066451711,139.38,69.69
97100,0.8823624303744134,139.4,69.7
97200,0.8824106906388357,139.42,69.71
97300,0.882460962357223,139.45,69.725
97400,0.8825090989874025,139.51,69.755
97500,0.8825578956908564,139.53,69.765
97600,0.8826064697551986,139.56,69.78
97700,0.8826552656092913,139.59,69.795
97800,0.8827045000327678,139.63,69.815
97900,0.8827523670353391,139.64,69.82
98000,0.8828010544865563,139.66,69.83
98100,0.8828493229706693,139.66,69.83
98200,0.88289675216891,139.66,69.83
98300,0.8829454558804446,139.7,69.85
98400,0.8829923563127743,139.74,69.87
98500,0.8830404942138247,139.75,69.875
98600,0.883088202454313,139.76,69.88
98700,0.8831360017958023,139.79,69.895
98800,0.8831848095179253,139.82,69.91
98900,0.8832311838466473,139.84,69.92
99000,0.883278630593769,139.87,69.935
99100,0.883325232962951,139.89,69.945
99200,0.8833726472501258,139.94,69.97
99300,0.8834197900482976,139.96,69.98
99400,0.8834673055970594,139.97,69.985
99500,0.8835148698184746,140.0,70.0
99600,0.8835612538004729,140.03,70.015
99700,0.8836086409383942,140.04,70.02
99800,0.8836553580541191,140.05,70.025
99900,0.8837019363215957,140.07,70.035
100000,0.8837487472124012,140.1,70.05
100100,0.8837956371057945,140.11,70.055
100200,0.8838418197294174,140.14,70.07
100300,0.8838894688356457,140.14,70.07
100400,0.8839361184443694,140.15,70.075
100500,0.8839832491549886,140.18,70.09
100600,0.8840294186204329,140.19,70.095
100700,0.8840762400213521,140.21,70.105
100800,0.8841222912720264,140.22,70.11
100900,0.8841679598429255,140.25,70.125
101000,0.8842149542311819,140.27,70.135
101100,0.8842609425335659,140.29,70.145
101200,0.8843069184930021,140.31,70.155
101300,0.8843534312425396,140.35,70.175
101400,0.8843990511283802,140.36,70.18
101500,0.8844441050852783,140.44,70.22
101600,0.8844896290189148,140.46,70.23
101700,0.8845337165824092,140.49,70.245
101800,0.8845802685320204,140.5,70.25
101900,0.8846256596732751,140.5,70.25
102000,0.8846713127318401,140.5,70.25
102100,0.8847175780124594,140.53,70.265
102200,0.884762886082856,140.55,70.275
102300,0.8848084258031021,140.56,70.28
102400,0.8848522970180409,140.57,70.285
102500,0.8848977404282645,140.6,70.3
102600,0.8849423909104476,140.64,70.32
102700,0.8849868378786637,140.65,70.325
102800,0.8850317928246975,140.68,70.34
102900,0.885076960140293,140.69,70.345
103000,0.8851219630015471,140.69,70.345
103100,0.8851670402072892,140.71,70.355
103200,0.8852118845856765,140.76,70.38
103300,0.8852563451909425,140.76,70.38
103400,0.8853022443497419,140.8,70.4
103500,0.8853469241419042,140.83,70.415
103600,0.8853908795258579,140.86,70.43
103700,0.8854356488842419,140.88,70.44
103800,0.8854812702689729,140.9,70.45
103900,0.8855252764092463,140.9,70.45
104000,0.8855687804864734,140.91,70.455
104100,0.8856139133955918,140.95,70.475
104200,0.8856575264940925,140.98,70.49
104300,0.8857010853853338,140.98,70.49
104400,0.8857450094838042,140.98,70.49
104500,0.8857897886607567,141.01,70.505
104600,0.885834194314112,141.04,70.52
104700,0.8858781890976688,141.06,70.53
104800,0.885922613564038,141.09,70.545
104900,0.8859662712589997,141.11,70.555
105000,0.8860098483157376,141.12,70.56
105100,0.8860546738630846,141.14,70.57
105200,0.8860988822179386,141.15,70.575
105300,0.8861438367835528,141.16,70.58
105400,0.8861888284793884,141.18,70.59
105500,0.8862323422887225,141.18,70.59
105600,0.8862760476882379,141.2,70.6
105700,0.8863207766108537,141.2,70.6
105800,0.8863633585611908,141.21,70.605
105900,0.8864062791000187,141.22,70.61
106000,0.8864495644673291,141.22,70.61
106100,0.8864925784277117,141.24,70.62
106200,0.8865349748689332,141.28,70.64
106300,0.8865785357879742,141.28,70.64
106400,0.8866215575413231,141.31,70.655
106500,0.8866650462389086,141.31,70.655
106600,0.8867093248599525,141.32,70.66
106700,0.8867510653689092,141.33,70.665
106800,0.886794823138797,141.35,70.675
106900,0.8868367513557837,141.36,70.68
107000,0.8868804317916675,141.37,70.685
107100,0.8869227501838719,141.38,70.69
107200,0.8869654224464,141.39,70.695
107300,0.8870082963391878,141.41,70.705
107400,0.8870509466075355,141.43,70.715
107500,0.8870922667148888,141.46,70.73
107600,0.8871350295523273,141.48,70.74
107700,0.8871769270793074,141.48,70.74
107800,0.8872189969719897,141.53,70.765
107900,0.8872608543667677,141.56,70.78
108000,0.8873029451652228,141.6,70.8
108100,0.8873445640461441,141.6,70.8
108200,0.8873866833262657,141.61,70.805
108300,0.8874284058796756,141.63,70.815
108400,0.8874708109338174,141.65,70.825
108500,0.8875125254790156,141.66,70.83
108600,0.8875550517646847,141.69,70.845
108700,0.887596773661522,141.69,70.845
108800,0.8876387763896324,141.69,70.845
108900,0.8876797272146858,141.73,70.865
109000,0.8877217157088908,141.77,70.885
109100,0.8877635722893664,141.77,70.885
109200,0.8878051536461262,141.78,70.89
109300,0.8878468260298366,141.8,70.9
109400,0.8878883235353163,141.81,70.905
109500,0.8879301920532682,141.83,70.915
109600,0.8879721027063272,141.86,70.93
109700,0.8880137016029489,141.87,70.935
109800,0.8880548697801578,141.9,70.95
109900,0.8880956983123603,141.95,70.975
110000,0.888136924120862,142.0,71.0
110100,0.8881794655406093,142.02,71.01
110200,0.8882205381480567,142.03,71.015
110300,0.8882615994800389,142.05,71.025
110400,0.888302896467093,142.05,71.025
110500,0.888343722329129,142.07,71.035
110600,0.8883847139467501,142.11,71.055
110700,0.8884264779724481,142.12,71.06
110800,0.8884665672815079,142.13,71.065
110900,0.8885074864600564,142.16,71.08
111000,0.8885478700320939,142.16,71.08
111100,0.8885878714437172,142.18,71.09
111200,0.8886283029214855,142.19,71.095
111300,0.8886686131300594,142.2,71.1
111400,0.8887100156185684,142.22,71.11
111500,0.8887514593384855,142.24,71.12
111600,0.8887930578126787,142.26,71.13
111700,0.8888337848132679,142.28,71.14
111800,0.8888738325232246,142.33,71.165
111900,0.8889143894368076,142.34,71.17
112000,0.8889559825587202,142.35,71.175
112100,0.8889958988860174,142.35,71.175
112200,0.8890367417599825,142.35,71.175
112300,0.8890764064820859,142.37,71.185
112400,0.8891156302757842,142.39,71.195
112500,0.8891558400624073,142.39,71.195
112600,0.8891948566729397,142.41,71.205
112700,0.8892336746344429,142.44,71.22
112800,0.8892742374593378,142.45,71.225
112900,0.8893138971444228,142.45,71.225
113000,0.8893532196258715,142.49,71.245
113100,0.8893930949826444,142.49,71.245
113200,0.8894315304411073,142.53,71.265
113300,0.8894700328838927,142.57,71.285
113400,0.889508897591198,142.58,71.29
113500,0.8895486816079133,142.61,71.305
113600,0.8895881710103732,142.62,71.31
113700,0.8896288471072176,142.64,71.32
113800,0.8896679493972475,142.67,71.335
113900,0.8897060405833129,142.68,71.34
114000,0.8897467463686367,142.73,71.365
114100,0.889786246647626,142.74,71.37
114200,0.8898254696286653,142.75,71.375
114300,0.889864272169276,142.76,71.38
114400,0.8899019428733663,142.76,71.38
114500,0.8899419968478891,142.78,71.39
114600,0.8899814137738175,142.82,71.41
114700,0.8900205398880083,142.85,71.425
114800,0.8900593720756146,142.89,71.445
114900,0.8900976591285965,142.9,71.45
115000,0.8901362907109258,142.94,71.47
115100,0.8901766631977468,142.94,71.47
115200,0.8902152759279026,142.94,71.47
115300,0.8902546785238282,142.96,71.48
115400,0.8902941088985385,142.97,71.485
115500,0.8903321224786543,143.0,71.5
115600,0.8903695197121771,143.01,71.505
115700,0.8904086280237885,143.05,71.525
115800,0.8904466481679661,143.06,71.53
115900,0.8904850740123302,143.11,71.555
116000,0.8905231501977634,143.13,71.565
116100,0.8905606571865691,143.14,71.57
116200,0.8905999625245065,143.16,71.58
116300,0.8906386573636865,143.18,71.59
116400,0.8906773545469358,143.2,71.6
116500,0.8907154226856694,143.21,71.605
116600,0.8907540226279909,143.23,71.615
116700,0.8907919656037016,143.23,71.615
116800,0.8908307392847348,143.24,71.62
116900,0.8908679026596564,143.26,71.63
117000,0.8909055851438081,143.28,71.64
117100,0.8909428388526437,143.29,71.645
117200,0.890979930819261,143.3,71.65
117300,0.891017746754309,143.31,71.655
117400,0.891055484959892,143.35,71.675
117500,0.8910934830949515,143.37,71.685
117600,0.8911310894389551,143.39,71.695
117700,0.891169497323787,143.39,71.695
117800,0.891208111972245,143.42,71.71
117900,0.8912454774128575,143.46,71.73
118000,0.8912828647137832,143.49,71.745
118100,0.8913196591891073,143.51,71.755
118200,0.8913570701053475,143.54,71.77
118300,0.8913941839828702,143.55,71.775
118400,0.8914314266645479,143.58,71.79
118500,0.8914685596128844,143.59,71.795
118600,0.8915056695040698,143.59,71.795
118700,0.8915431972501037,143.61,71.805
118800,0.8915802637307845,143.64,71.82
118900,0.8916163138214805,143.66,71.83
119000,0.8916535947816915,143.67,71.835
119100,0.8916906920695743,143.68,71.84
119200,0.8917273502096269,143.69,71.845
119300,0.8917651662488884,143.73,71.865
119400,0.8918028086828733,143.74,71.87
119500,0.891839721864548,143.77,71.885
119600,0.8918760830477107,143.79,71.895
119700,0.8919137851183252,143.81,71.905
119800,0.891950083228002,143.85,71.925
119900,0.8919862750756257,143.86,71.93
120000,0.8920223048440212,143.86,71.93
120100,0.8920581006019433,143.86,71.93
120200,0.8920939077265573,143.89,71.945
120300,0.8921309375874656,143.91,71.955
120400,0.8921671919693691,143.91,71.955
120500,0.892204415367723,143.92,71.96
120600,0.8922405292709382,143.94,71.97
120700,0.8922765193869441,143.96,71.98
120800,0.8923124793052569,143.97,71.985
120900,0.8923490670820077,144.01,72.005
121000,0.892385018947271,144.02,72.01
121100,0.8924207053356515,144.02,72.01
121200,0.8924572894050775,144.03,72.015
121300,0.8924937491603216,144.05,72.025
121400,0.8925298381151664,144.07,72.035
121500,0.8925650809153963,144.09,72.045
121600,0.8926009993648509,144.11,72.055
121700,0.8926370753297524,144.12,72.06
121800,0.8926724546188819,144.16,72.08
121900,0.8927079227484427,144.16,72.08
122000,0.8927441086128419,144.17,72.085
122100,0.8927808503961664,144.2,72.1
122200,0.8928166684337655,144.21,72.105
122300,0.8928526069877818,144.22,72.11
122400,0.892888519965986,144.25,72.125
122500,0.8929244036987762,144.26,72.13
122600,0.8929598597761665,144.26,72.13
122700,0.8929961726136432,144.28,72.14
122800,0.8930319623454163,144.28,72.14
122900,0.8930686107698659,144.3,72.15
123000,0.8931041897188736,144.31,72.155
123100,0.8931396671564645,144.32,72.16
123200,0.8931741826199745,144.32,72.16
123300,0.8932092538303125,144.32,72.16
123400,0.8932443330423042,144.32,72.16
123500,0.8932802376585163,144.35,72.175
123600,0.8933157686287581,144.4,72.2
123700,0.8933506758569412,144.41,72.205
123800,0.8933855445104838,144.42,72.21
123900,0.8934201510710341,144.44,72.22
124000,0.8934551997109628,144.44,72.22
124100,0.8934904340540493,144.45,72.225
124200,0.8935248755322395,144.46,72.23
124300,0.8935603993351967,144.47,72.235
124400,0.8935950377943347,144.5,72.25
124500,0.8936298862337364,144.51,72.255
124600,0.8936639264351625,144.52,72.26
124700,0.8936984150040008,144.52,72.26
124800,0.8937335211362577,144.57,72.285
124900,0.8937684701353241,144.6,72.3
125000,0.8938033514527143,144.61,72.305
125100,0.8938379919372881,144.63,72.315
125200,0.8938721059732841,144.63,72.315
125300,0.8939068582261591,144.66,72.33
125400,0.8939404675770873,144.68,72.34
125500,0.8939751093031151,144.69,72.345
125600,0.8940097178560744,144.7,72.35
125700,0.8940445377232933,144.73,72.365
125800,0.8940788555816994,144.78,72.39
125900,0.8941123790989949,144.8,72.4
126000,0.8941472293757257,144.8,72.4
126100,0.8941817431994445,144.86,72.43
126200,0.8942163884109107,144.88,72.44
126300,0.8942498737585772,144.9,72.45
126400,0.8942842681421155,144.9,72.45
126500,0.894317938049883,144.91,72.455
126600,0.8943525976072629,144.95,72.475
126700,0.8943854194111518,144.98,72.49
126800,0.8944192404720798,144.99,72.495
126900,0.8944531856898712,145.01,72.505
127000,0.8944869279803743,145.02,72.51
127100,0.8945205174635597,145.02,72.51
127200,0.8945542381304579,145.03,72.515
127300,0.8945879546704701,145.06,72.53
127400,0.8946209527448744,145.09,72.545
127500,0.8946544192173953,145.12,72.56
127600,0.8946888698616727,145.15,72.575
127700,0.8947229100855325,145.17,72.585
127800,0.8947569765574463,145.19,72.595
127900,0.8947907012190724,145.2,72.6
128000,0.8948249332469724,145.22,72.61
128100,0.8948588764117553,145.24,72.62
128200,0.8948919081120037,145.24,72.62
128300,0.8949257552135945,145.27,72.635
128400,0.8949590617097294,145.28,72.64
128500,0.8949927206533148,145.32,72.66
128600,0.8950258374089666,145.37,72.685
128700,0.8950603181625845,145.38,72.69
128800,0.8950935076137676,145.4,72.7
128900,0.8951269594775582,145.41,72.705
129000,0.8951602448810294,145.41,72.705
129100,0.8951936258299638,145.42,72.71
129200,0.8952269943840059,145.44,72.72
129300,0.8952606869485947,145.44,72.72
129400,0.8952941671769463,145.45,72.725
129500,0.8953267953663326,145.46,72.73
129600,0.8953597415569634,145.49,72.745
129700,0.8953927044036333,145.5,72.75
129800,0.8954262105720907,145.52,72.76
129900,0.8954587441019258,145.53,72.765
130000,0.8954912221523245,145.53,72.765
130100,0.8955241497870696,145.54,72.77
130200,0.8955576973877228,145.55,72.775
130300,0.8955904538104277,145.56,72.78
130400,0.8956233518626797,145.59,72.795
130500,0.8956564701070784,145.6,72.8
130600,0.8956887508891836,145.6,72.8
130700,0.8957217577200488,145.61,72.805
130800,0.8957545764238539,145.63,72.815
130900,0.8957876291621716,145.64,72.82
131000,0.8958207335525512,145.64,72.82
131100,0.8958542230975902,145.67,72.835
131200,0.8958865175116807,145.69,72.845
131300,0.8959193600342289,145.71,72.855
131400,0.8959509947893437,145.71,72.855
131500,0.8959840923963909,145.74,72.87
131600,0.8960157185096952,145.75,72.875
131700,0.8960478898752962,145.77,72.885
131800,0.896080956755358,145.78,72.89
131900,0.8961128401018399,145.78,72.89
132000,0.896144513394542,145.79,72.895
132100,0.8961766849997126,145.79,72.895
132200,0.8962092262504642,145.8,72.9
132300,0.8962418855586555,145.81,72.905
132400,0.8962740033602123,145.82,72.91
132500,0.8963058764291503,145.85,72.925
132600,0.8963376782589453,145.87,72.935
132700,0.8963696619818871,145.88,72.94
132800,0.8964013276083358,145.92,72.96
132900,0.8964337385409845,145.94,72.97
133000,0.8964663474710735,145.95,72.975
133100,0.8964989860653843,145.95,72.975
133200,0.8965314442144755,145.97,72.985
133300,0.8965633608365228,145.99,72.995
133400,0.8965949246657005,145.99,72.995
133500,0.8966264543414332,146.01,73.005
133600,0.8966586871253898,146.01,73.005
133700,0.8966907302390754,146.03,73.015
133800,0.8967226604328826,146.04,73.02
133900,0.8967545491150573,146.06,73.03
134000,0.8967853272460493,146.07,73.035
134100,0.8968165132039054,146.08,73.04
134200,0.8968478288508089,146.09,73.045
134300,0.8968794709510961,146.1,73.05
134400,0.8969112879080439,146.11,73.055
134500,0.8969428882214158,146.13,73.065
134600,0.8969755305111557,146.14,73.07
134700,0.8970075342497857,146.17,73.085
134800,0.8970382167936465,146.17,73.085
134900,0.8970695757377689,146.18,73.09
135000,0.897100920438251,146.2,73.1
135100,0.8971318564114994,146.21,73.105
135200,0.8971635720424571,146.22,73.11
135300,0.8971944582597402,146.22,73.11
135400,0.8972260779255734,146.23,73.115
135500,0.8972569434134665,146.25,73.125
135600,0.8972876519077724,146.26,73.13
135700,0.8973192989507203,146.26,73.13
135800,0.8973504639274007,146.28,73.14
135900,0.897382147696425,146.28,73.14
136000,0.8974130014169737,146.28,73.14
136100,0.8974434196913414,146.3,73.15
136200,0.8974747595292552,146.3,73.15
136300,0.8975050287456926,146.31,73.155
136400,0.8975360311563965,146.32,73.16
136500,0.8975667230683696,146.35,73.175
136600,0.8975974195337946,146.35,73.175
136700,0.8976284132669583,146.39,73.195
136800,0.8976592973800034,146.41,73.205
136900,0.8976895895027239,146.44,73.22
137000,0.8977206074296697,146.46,73.23
137100,0.8977507755985747,146.47,73.235
137200,0.8977814885328073,146.48,73.24
137300,0.8978109492088606,146.51,73.255
137400,0.8978414030078662,146.55,73.275
137500,0.897871653364092,146.56,73.28
137600,0.8979025113348513,146.58,73.29
137700,0.8979328750025146,146.61,73.305
137800,0.8979632974347368,146.63,73.315
137900,0.8979936014274337,146.65,73.325
138000,0.8980236136916724,146.66,73.33
138100,0.8980540123163568,146.67,73.335
138200,0.8980842254162981,146.68,73.34
138300,0.8981149021888636,146.69,73.345
138400,0.8981451136933665,146.71,73.355
138500,0.8981752170450651,146.75,73.375
138600,0.8982050845892792,146.75,73.375
138700,0.8982352762438122,146.77,73.385
138800,0.8982649685046153,146.8,73.4
138900,0.8982948971191562,146.84,73.42
139000,0.898325315781771,146.86,73.43
139100,0.8983558246572391,146.88,73.44
139200,0.8983855530021801,146.9,73.45
139300,0.8984155306773917,146.92,73.46
139400,0.898445873143274,146.96,73.48
139500,0.8984752790733075,146.99,73.495
139600,0.898505231463766,147.02,73.51
139700,0.8985360000014725,147.04,73.52
139800,0.8985664972324094,147.04,73.52
139900,0.8985963233160192,147.06,73.53
140000,0.8986256247477836,147.09,73.545
140100,0.8986562297921591,147.1,73.55
140200,0.8986868712506767,147.13,73.565
140300,0.898717032743734,147.15,73.575
140400,0.8987466150762172,147.16,73.58
140500,0.898776471736716,147.18,73.59
140600,0.8988064879504333,147.19,73.595
140700,0.8988361722920502,147.22,73.61
140800,0.8988660522409407,147.23,73.615
140900,0.8988957639655831,147.26,73.63
141000,0.8989250672441336,147.3,73.65
141100,0.8989547661936181,147.31,73.655
141200,0.8989836058388958,147.32,73.66
141300,0.899012699129834,147.35,73.675
141400,0.8990423232018402,147.36,73.68
141500,0.8990710599731302,147.38,73.69
141600,0.899100131228846,147.39,73.695
141700,0.8991295495681478,147.39,73.695
141800,0.8991590063223246,147.42,73.71
141900,0.8991884605239358,147.43,73.715
142000,0.8992174967705635,147.48,73.74
142100,0.8992471460301463,147.48,73.74
142200,0.8992760826241354,147.49,73.745
142300,0.8993056265930853,147.5,73.75
142400,0.8993354168050577,147.52,73.76
142500,0.8993647455986737,147.53,73.765
142600,0.8993937173387628,147.55,73.775
142700,0.8994228604777084,147.56,73.78
142800,0.8994522643255581,147.56,73.78
142900,0.8994816749124105,147.57,73.785
143000,0.8995111845086414,147.59,73.795
143100,0.8995403699547815,147.6,73.8
143200,0.8995690225863819,147.6,73.8
143300,0.8995985994560329,147.6,73.8
143400,0.8996277745297339,147.63,73.815
143500,0.8996565417314797,147.64,73.82
143600,0.8996854267956077,147.64,73.82
143700,0.8997144513809785,147.68,73.84
143800,0.899743383048021,147.7,73.85
143900,0.8997716253073003,147.72,73.86
144000,0.8998007037197479,147.72,73.86
144100,0.8998297157780591,147.77,73.885
144200,0.8998579311133552,147.79,73.895
144300,0.8998869388545981,147.82,73.91
144400,0.8999158372667688,147.82,73.91
144500,0.8999438978631986,147.85,73.925
144600,0.8999730838492003,147.86,73.93
144700,0.9000017994171087,147.87,73.935
144800,0.9000302055771452,147.89,73.945
144900,0.9000581212794971,147.9,73.95
145000,0.9000865140002063,147.92,73.96
145100,0.9001155547825539,147.93,73.965
145200,0.9001440401132951,147.96,73.98
145300,0.9001733540590875,147.96,73.98
145400,0.9002015037756042,147.97,73.985
145500,0.9002305630535103,147.99,73.995
145600,0.9002586437259726,148.01,74.005
145700,0.9002876203363599,148.02,74.01
145800,0.9003157246892027,148.02,74.01
145900,0.9003440597642947,148.04,74.02
146000,0.9003720584337052,148.06,74.03
146100,0.9004001578287152,148.09,74.045
146200,0.9004276114868927,148.1,74.05
146300,0.9004564775101482,148.13,74.065
146400,0.900484420287812,148.15,74.075
146500,0.9005130475856256,148.16,74.08
146600,0.9005405262625339,148.18,74.09
146700,0.9005686441201892,148.19,74.095
146800,0.9005962769833158,148.22,74.11
146900,0.900624292794994,148.23,74.115
147000,0.9006516835656216,148.25,74.125
147100,0.9006792140572171,148.27,74.135
147200,0.9007074616722843,148.29,74.145
147300,0.9007352891381422,148.29,74.145
147400,0.9007631428882974,148.31,74.155
147500,0.9007909380146941,148.32,74.16
147600,0.9008190468114506,148.33,74.165
147700,0.9008472053195509,148.33,74.165
147800,0.900874782988478,148.36,74.18
147900,0.9009023591133857,148.36,74.18
148000,0.9009305031801579,148.37,74.185
148100,0.9009586741765684,148.38,74.19
148200,0.9009862900546807,148.39,74.195
148300,0.9010134034478741,148.42,74.21
148400,0.9010404412884047,148.42,74.21
148500,0.9010678893815739,148.42,74.21
148600,0.9010947789198983,148.42,74.21
148700,0.9011216145800597,148.42,74.21
148800,0.9011485759089192,148.42,74.21
148900,0.9011756640920437,148.43,74.215
149000,0.9012032769534936,148.44,74.22
149100,0.9012306222752994,148.47,74.235
149200,0.9012571402515664,148.49,74.245
149300,0.9012845939268139,148.51,74.255
149400,0.9013119124237369,148.52,74.26
149500,0.9013387254422611,148.54,74.27
149600,0.9013660047131478,148.57,74.285
149700,0.9013929112081039,148.57,74.285
149800,0.901420045376301,148.57,74.285
149900,0.9014476705100752,148.59,74.295
150000,0.9014749831811808,148.59,74.295
150100,0.901502434393448,148.61,74.305
150200,0.9015308601122531,148.62,74.31
150300,0.9015581864432686,148.63,74.315
150400,0.9015851006223983,148.63,74.315
150500,0.9016118423164088,148.64,74.32
150600,0.9016395022523155,148.65,74.325
150700,0.9016665207031531,148.65,74.325
150800,0.9016933288271228,148.65,74.325
150900,0.90172009759128,148.65,74.325
151000,0.9017466528568047,148.67,74.335
151100,0.901773248964968,148.7,74.35
151200,0.9017994674331515,148.7,74.35
151300,0.9018260628513804,148.71,74.355
151400,0.9018529606816211,148.72,74.36
151500,0.9018790450395723,148.76,74.38
151600,0.9019056888291769,148.78,74.39
151700,0.901932282761648,148.78,74.39
151800,0.9019587953694994,148.8,74.4
151900,0.9019855212257388,148.83,74.415
152000,0.9020113087793834,148.84,74.42
152100,0.9020382228660968,148.84,74.42
152200,0.9020647163750999,148.86,74.43
152300,0.9020915324009122,148.86,74.43
152400,0.9021175959392592,148.88,74.44
152500,0.9021444332517293,148.9,74.45
152600,0.9021710501806737,148.91,74.455
152700,0.9021974477484327,148.91,74.455
152800,0.902223633486194,148.93,74.465
152900,0.9022495137294817,148.94,74.47
153000,0.9022762639812933,148.95,74.475
153100,0.9023028935508626,148.97,74.485
153200,0.9023294310151354,148.99,74.495
153300,0.9023558537400993,149.01,74.505
153400,0.9023817831129246,149.02,74.51
153500,0.9024090153868439,149.02,74.51
153600,0.9024347956583562,149.02,74.51
153700,0.9024604363930494,149.03,74.515
153800,0.9024869114932007,149.04,74.52
153900,0.9025129030162805,149.06,74.53
154000,0.9025392317432135,149.08,74.54
154100,0.9025645249122983,149.1,74.55
154200,0.9025901886117473,149.12,74.56
154300,0.9026164719003927,149.13,74.565
154400,0.9026434121120448,149.13,74.565
154500,0.9026692744667636,149.18,74.59
154600,0.9026959578900502,149.19,74.595
154700,0.9027217116958072,149.21,74.605
154800,0.9027482575141463,149.23,74.615
154900,0.9027741304695887,149.27,74.635
155000,0.9028000134828628,149.27,74.635
155100,0.9028258374497911,149.27,74.635
155200,0.9028517689518252,149.27,74.635
155300,0.9028787772559482,149.28,74.64
155400,0.9029049738009626,149.3,74.65
155500,0.9029310968325059,149.32,74.66
155600,0.9029568246276878,149.32,74.66
155700,0.9029824765880946,149.33,74.665
155800,0.9030080415026726,149.33,74.665
155900,0.9030337528405448,149.33,74.665
156000,0.9030592910665344,149.33,74.665
156100,0.9030860400060375,149.35,74.675
156200,0.9031111498342564,149.36,74.68
156300,0.9031363271247567,149.39,74.695
156400,0.9031627091896565,149.4,74.7
156500,0.9031882521287139,149.42,74.71
156600,0.9032122229818219,149.44,74.72
156700,0.9032378180763869,149.45,74.725
156800,0.9032632052869584,149.46,74.73
156900,0.9032883079286113,149.46,74.73
157000,0.903313795689791,149.48,74.74
157100,0.9033398862590998,149.5,74.75
157200,0.9033649372370047,149.51,74.755
157300,0.9033902977874595,149.53,74.765
157400,0.9034156376679201,149.53,74.765
157500,0.9034417583164422,149.54,74.77
157600,0.9034669072596518,149.56,74.78
157700,0.9034918813060014,149.57,74.785
157800,0.9035176254171152,149.58,74.79
157900,0.9035438140676899,149.58,74.79
158000,0.9035693569965058,149.6,74.8
158100,0.9035947171915494,149.61,74.805
158200,0.9036200106420194,149.63,74.815
158300,0.9036445483840626,149.64,74.82
158400,0.903669017841713,149.65,74.825
158500,0.9036942448093681,149.67,74.835
158600,0.903719815408573,149.69,74.845
158700,0.9037442886282969,149.71,74.855
158800,0.9037694107850918,149.73,74.865
158900,0.9037939317057141,149.74,74.87
159000,0.9038190238769285,149.75,74.875
159100,0.9038442776160821,149.76,74.88
159200,0.9038685360618643,149.78,74.89
159300,0.9038933527569415,149.79,74.895
159400,0.9039176517851374,149.81,74.905
159500,0.9039428472483071,149.82,74.91
159600,0.9039671776082392,149.82,74.91
159700,0.9039918523268302,149.82,74.91
159800,0.9040168435401179,149.84,74.92
159900,0.9040422150340235,149.86,74.93
160000,0.9040675405976166,149.87,74.935
160100,0.9040921316871375,149.88,74.94
160200,0.9041171346040734,149.89,74.945
160300,0.9041420207004502,149.9,74.95
160400,0.9041667585184596,149.92,74.96
160500,0.9041911613820777,149.93,74.965
160600,0.9042152467343426,149.93,74.965
160700,0.9042397075039655,149.93,74.965
160800,0.9042646973815234,149.96,74.98
160900,0.9042886955972684,149.98,74.99
161000,0.9043126487370722,149.99,74.995
161100,0.9043377563036514,150.01,75.005
161200,0.9043627543070479,150.03,75.015
161300,0.9043872181651154,150.03,75.015
161400,0.9044118038644489,150.06,75.03
161500,0.9044367312191404,150.06,75.03
161600,0.9044611590700281,150.06,75.03
161700,0.9044856798812964,150.07,75.035
161800,0.9045099061736501,150.09,75.045
161900,0.9045338778668933,150.11,75.055
162000,0.9045582850108044,150.11,75.055
162100,0.9045826043737848,150.12,75.06
162200,0.9046067195310628,150.12,75.06
162300,0.9046301801427995,150.14,75.07
162400,0.9046543034706579,150.16,75.08
162500,0.9046784264962442,150.16,75.08
162600,0.9047027832114157,150.17,75.085
162700,0.9047266589893589,150.18,75.09
162800,0.9047510458597755,150.2,75.1
162900,0.9047754446916162,150.21,75.105
163000,0.9048001096095862,150.21,75.105
163100,0.9048236442875199,150.21,75.105
163200,0.9048474737226537,150.22,75.11
163300,0.904870532685913,150.22,75.11
163400,0.9048941670541066,150.23,75.115
163500,0.9049179882765973,150.25,75.125
163600,0.9049417598259353,150.25,75.125
163700,0.9049654630029561,150.26,75.13
163800,0.9049900749771521,150.27,75.135
163900,0.9050139303818486,150.3,75.15
164000,0.9050379054211798,150.3,75.15
164100,0.9050617520572699,150.3,75.15
164200,0.9050858515960798,150.31,75.155
164300,0.9051095586751233,150.32,75.16
164400,0.9051332435002033,150.32,75.16
164500,0.9051567568464391,150.32,75.16
164600,0.9051807669056098,150.33,75.165
164700,0.9052037899638744,150.34,75.17
164800,0.9052272767007868,150.36,75.18
164900,0.9052504058524701,150.38,75.19
165000,0.9052736699852679,150.38,75.19
165100,0.9052980235688807,150.38,75.19
165200,0.9053213094671186,150.39,75.195
165300,0.9053451589889185,150.4,75.2
165400,0.9053683234141069,150.4,75.2
165500,0.9053926396786582,150.4,75.2
165600,0.9054162421013049,150.41,75.205
165700,0.9054395653436501,150.43,75.215
165800,0.905463128883362,150.43,75.215
165900,0.9054868912802201,150.43,75.215
166000,0.9055109695796157,150.44,75.22
166100,0.9055345319027824,150.45,75.225
166200,0.9055579477013346,150.46,75.23
166300,0.9055817547905594,150.46,75.23
166400,0.905604882933372,150.5,75.25
166500,0.9056282750615666,150.51,75.255
166600,0.9056520913276783,150.52,75.26
166700,0.9056752172182003,150.52,75.26
166800,0.9056986515199439,150.52,75.26
166900,0.9057220063787556,150.53,75.265
167000,0.905745322402676,150.53,75.265
167100,0.9057689065080559,150.56,75.28
167200,0.9057921876810489,150.56,75.28
167300,0.9058159231682471,150.58,75.29
167400,0.9058394992843221,150.59,75.295
167500,0.9058615812634975,150.59,75.295
167600,0.9058853343646924,150.63,75.315
167700,0.9059083718426841,150.64,75.32
167800,0.9059312503650879,150.65,75.325
167900,0.9059543196589595,150.65,75.325
168000,0.9059778600620944,150.65,75.325
168100,0.9060013190044478,150.68,75.34
168200,0.9060248458269429,150.71,75.355
168300,0.9060478207417395,150.71,75.355
168400,0.9060710165756034,150.74,75.37
168500,0.9060930943627271,150.75,75.375
168600,0.9061169043655474,150.77,75.385
168700,0.9061399448415232,150.78,75.39
168800,0.9061630261141697,150.8,75.4
168900,0.9061856244560695,150.81,75.405
169000,0.9062086703841226,150.82,75.41
169100,0.9062319435856462,150.82,75.41
169200,0.906254556899558,150.83,75.415
169300,0.9062781193729809,150.83,75.415
169400,0.9063008676522181,150.87,75.435
169500,0.9063239314741693,150.88,75.44
169600,0.9063469378622397,150.89,75.445
169700,0.906368829927449,150.89,75.445
169800,0.9063918972465069,150.89,75.445
169900,0.9064150188564463,150.9,75.45
170000,0.9064371679378012,150.93,75.465
170100,0.9064594052134197,150.95,75.475
170200,0.9064827407148038,150.96,75.48
170300,0.906506104075255,150.98,75.49
170400,0.9065289364149591,150.98,75.49
170500,0.9065519940960962,151.0,75.5
170600,0.9065747919192636,151.01,75.505
170700,0.906597162908135,151.03,75.515
170800,0.9066201475571377,151.07,75.535
170900,0.9066429657987922,151.08,75.54
171000,0.9066656134723737,151.09,75.545
171100,0.9066881013773888,151.11,75.555
171200,0.9067105470339666,151.13,75.565
171300,0.9067332529387586,151.15,75.575
171400,0.9067556538874375,151.16,75.58
171500,0.9067782581465668,151.17,75.585
171600,0.9068013386819196,151.18,75.59
171700,0.9068233907514499,151.19,75.595
171800,0.9068457274220947,151.21,75.605
171900,0.9068679728138137,151.22,75.61
172000,0.9068904176442281,151.24,75.62
172100,0.9069132398777933,151.25,75.625
172200,0.9069352564364334,151.26,75.63
172300,0.9069576360364112,151.27,75.635
172400,0.9069803057911255,151.28,75.64
172500,0.9070029637174537,151.28,75.64
172600,0.9070257387080646,151.28,75.64
172700,0.9070479560456856,151.29,75.645
172800,0.9070700743400519,151.32,75.66
172900,0.9070921516550247,151.34,75.67
173000,0.9071143514912382,151.35,75.675
173100,0.9071362380007058,151.39,75.695
173200,0.907158749898248,151.4,75.7
173300,0.9071813627575145,151.4,75.7
173400,0.9072032199457318,151.41,75.705
173500,0.9072256541747332,151.42,75.71
173600,0.9072480143443515,151.44,75.72
173700,0.9072701428837546,151.45,75.725
173800,0.9072925047853866,151.45,75.725
173900,0.9073145016337353,151.47,75.735
174000,0.9073361605413135,151.47,75.735
174100,0.9073589247900131,151.47,75.735
174200,0.9073818724874951,151.49,75.745
174300,0.9074039225484521,151.5,75.75
174400,0.9074255232501904,151.51,75.755
174500,0.9074478183896878,151.53,75.765
174600,0.9074695554608071,151.54,75.77
174700,0.9074912227779792,151.56,75.78
174800,0.9075125455711145,151.58,75.79
174900,0.9075342609834902,151.61,75.805
175000,0.9075560066243028,151.62,75.81
175100,0.907577735029242,151.65,75.825
175200,0.9075986445039359,151.68,75.84
175300,0.907620885076762,151.69,75.845
175400,0.9076424406808867,151.69,75.845
175500,0.9076638246223776,151.71,75.855
175600,0.9076853588669289,151.73,75.865
175700,0.907707521470255,151.75,75.875
175800,0.9077290427182544,151.76,75.88
175900,0.9077511876836354,151.78,75.89
176000,0.9077725944345946,151.79,75.895
176100,0.9077940939886757,151.81,75.905
176200,0.9078158582799908,151.84,75.92
176300,0.9078378986460067,151.85,75.925
176400,0.9078599852238243,151.85,75.925
176500,0.9078816491105453,151.85,75.925
176600,0.907903228242676,151.85,75.925
176700,0.9079253273283849,151.86,75.93
176800,0.9079467925822771,151.88,75.94
176900,0.9079684798936395,151.89,75.945
177000,0.9079896650560768,151.9,75.95
177100,0.9080112274537536,151.91,75.955
177200,0.9080328084567548,151.93,75.965
177300,0.9080545885574969,151.94,75.97
177400,0.9080762262495514,151.95,75.975
177500,0.9080977716001122,151.95,75.975
177600,0.9081188379437195,151.96,75.98
177700,0.9081401089748943,151.96,75.98
177800,0.9081611739816939,151.97,75.985
177900,0.9081830203769049,151.98,75.99
178000,0.9082042894987166,152.0,76.0
178100,0.9082255077935291,152.01,76.005
178200,0.9082467624267694,152.01,76.005
178300,0.9082681715883274,152.03,76.015
178400,0.9082891972470312,152.05,76.025
178500,0.9083114046760804,152.06,76.03
178600,0.908332677677284,152.07,76.035
178700,0.9083537238014107,152.08,76.04
178800,0.9083748930418183,152.09,76.045
178900,0.9083963588327656,152.09,76.045
179000,0.9084178322480527,152.1,76.05
179100,0.9084391494256695,152.1,76.05
179200,0.9084606110074293,152.1,76.05
179300,0.9084818238966548,152.13,76.065
179400,0.9085033459507674,152.13,76.065
179500,0.9085242069090339,152.14,76.07
179600,0.908545289418009,152.15,76.075
179700,0.9085658697636744,152.16,76.08
179800,0.9085866601216996,152.16,76.08
179900,0.9086081134613215,152.18,76.09
180000,0.9086289190330242,152.2,76.1
180100,0.9086498396372299,152.22,76.11
180200,0.9086709622345218,152.24,76.12
180300,0.9086925134199927,152.24,76.12
180400,0.9087135262394205,152.26,76.13
180500,0.9087342478554236,152.27,76.135
180600,0.908756341658152,152.28,76.14
180700,0.9087777558269194,152.29,76.145
180800,0.9087985922898275,152.29,76.145
180900,0.9088197618689936,152.3,76.15
181000,0.9088408266303867,152.32,76.16
181100,0.9088614735141631,152.32,76.16
181200,0.9088816672408017,152.33,76.165
181300,0.908902714913395,152.33,76.165
181400,0.9089236617021019,152.33,76.165
181500,0.908945170619477,152.33,76.165
181600,0.9089665092062466,152.35,76.175
181700,0.9089870210993404,152.36,76.18
181800,0.9090085503457899,152.37,76.185
181900,0.9090293205642854,152.37,76.185
182000,0.9090500224205005,152.37,76.185
182100,0.9090712041904752,152.39,76.195
182200,0.9090916695357218,152.4,76.2
182300,0.9091126331529199,152.41,76.205
182400,0.9091335690724432,152.44,76.22
182500,0.9091546985588019,152.46,76.23
182600,0.9091754459189357,152.47,76.235
182700,0.9091958909327207,152.49,76.245
182800,0.9092161862934105,152.51,76.255
182900,0.9092368381821028,152.52,76.26
183000,0.9092576536987935,152.52,76.26
183100,0.909278352875113,152.53,76.265
183200,0.909299515566455,152.53,76.265
183300,0.9093206075669907,152.53,76.265
183400,0.9093408932290827,152.56,76.28
183500,0.9093616705222028,152.57,76.285
183600,0.9093821586988498,152.57,76.285
183700,0.9094024483862653,152.57,76.285
183800,0.9094230791906601,152.58,76.29
183900,0.9094437775933223,152.6,76.3
184000,0.9094647638862535,152.6,76.3
184100,0.9094846599901888,152.62,76.31
184200,0.9095053807312645,152.63,76.315
184300,0.9095253391066817,152.64,76.32
184400,0.9095454040286286,152.66,76.33
184500,0.9095655818214822,152.68,76.34
184600,0.9095856263701407,152.7,76.35
184700,0.9096065273872557,152.71,76.355
184800,0.9096265709701605,152.72,76.36
184900,0.9096473232661165,152.72,76.36
185000,0.9096682947545675,152.72,76.36
185100,0.9096886726578933,152.72,76.36
185200,0.909708630527906,152.72,76.36
185300,0.9097283990944446,152.73,76.365
185400,0.9097489213269461,152.74,76.37
185500,0.9097697753468288,152.75,76.375
185600,0.9097896325649987,152.77,76.385
185700,0.9098097952928,152.77,76.385
185800,0.9098299046775131,152.79,76.395
185900,0.9098499148727369,152.81,76.405
186000,0.9098698311571062,152.82,76.41
186100,0.9098898901953248,152.83,76.415
186200,0.9099101539342631,152.83,76.415
186300,0.9099306640012194,152.87,76.435
186400,0.9099506744533764,152.89,76.445
186500,0.909970770061856,152.92,76.46
186600,0.909991043157099,152.93,76.465
186700,0.9100113354168944,152.93,76.465
186800,0.9100312311298618,152.94,76.47
186900,0.9100510830948696,152.94,76.47
187000,0.9100713604694228,152.95,76.475
187100,0.9100909053785464,152.98,76.49
187200,0.910111420770459,152.98,76.49
187300,0.9101314452561803,152.99,76.495
187400,0.9101515852129611,152.99,76.495
187500,0.9101704881905558,153.01,76.505
187600,0.9101905267570103,153.02,76.51
187700,0.9102103490995616,153.04,76.52
187800,0.9102303912133364,153.05,76.525
187900,0.9102505024331821,153.06,76.53
188000,0.9102707315691602,153.08,76.54
188100,0.9102906455017312,153.09,76.545
188200,0.910309983674494,153.1,76.55
188300,0.9103292917523582,153.11,76.555
188400,0.9103494838635335,153.13,76.565
188500,0.9103692070785179,153.16,76.58
188600,0.9103894483678673,153.16,76.58
188700,0.9104092672080878,153.16,76.58
188800,0.9104292175619304,153.18,76.59
188900,0.910448652218884,153.18,76.59
189000,0.9104685023442345,153.18,76.59
189100,0.9104879148083498,153.19,76.595
189200,0.9105074814130951,153.19,76.595
189300,0.9105272473146337,153.21,76.605
189400,0.9105469755934391,153.22,76.61
189500,0.9105671703949372,153.22,76.61
189600,0.910586713780212,153.23,76.615
189700,0.910606125825459,153.23,76.615
189800,0.9106256303471832,153.27,76.635
189900,0.9106458371275431,153.28,76.64
190000,0.9106658510610636,153.28,76.64
190100,0.9106860688390149,153.28,76.64
190200,0.9107054285542641,153.29,76.645
190300,0.9107246611934928,153.31,76.655
190400,0.9107442037116045,153.31,76.655
190500,0.9107641066839076,153.33,76.665
190600,0.9107833656710064,153.33,76.665
190700,0.9108025571503146,153.34,76.67
190800,0.9108228695282317,153.37,76.685
190900,0.9108425679069544,153.38,76.69
191000,0.9108620015500268,153.38,76.69
191100,0.9108816821943091,153.39,76.695
191200,0.9109009617210796,153.39,76.695
191300,0.9109200502248511,153.4,76.7
191400,0.9109392817464436,153.41,76.705
191500,0.9109592587580841,153.41,76.705
191600,0.9109787923977691,153.43,76.715
191700,0.9109981299340189,153.43,76.715
191800,0.9110172664700406,153.45,76.725
191900,0.9110370511501898,153.47,76.735
192000,0.9110564798977235,153.47,76.735
192100,0.9110757584092388,153.47,76.735
192200,0.9110952070902261,153.47,76.735
192300,0.9111142338786938,153.49,76.745
192400,0.9111337195937108,153.5,76.75
192500,0.911153444786786,153.51,76.755
192600,0.9111727809161357,153.53,76.765
192700,0.9111917765273588,153.54,76.77
192800,0.9112111195013752,153.54,76.77
192900,0.911230268488438,153.55,76.775
193000,0.9112495248611105,153.57,76.785
193100,0.911268554061194,153.57,76.785
193200,0.9112876863894352,153.58,76.79
193300,0.9113070192871073,153.59,76.795
193400,0.911326300939815,153.6,76.8
193500,0.9113455086142858,153.6,76.8
193600,0.9113645155312065,153.6,76.8
193700,0.9113837150051496,153.6,76.8
193800,0.9114025745899984,153.6,76.8
193900,0.9114210133243694,153.63,76.815
194000,0.9114401527589827,153.64,76.82
194100,0.911458961209055,153.64,76.82
194200,0.9114776995140729,153.65,76.825
194300,0.9114970668885327,153.65,76.825
194400,0.9115163573011258,153.66,76.83
194500,0.9115351954131873,153.67,76.835
194600,0.9115538420797071,153.67,76.835
194700,0.9115725903202374,153.68,76.84
194800,0.9115916938021219,153.68,76.84
194900,0.9116113953116541,153.7,76.85
195000,0.9116303425608683,153.7,76.85
195100,0.9116493377566939,153.7,76.85
195200,0.9116683769604063,153.7,76.85
195300,0.9116874428607799,153.72,76.86
195400,0.911706486929575,153.73,76.865
195500,0.9117260255253541,153.73,76.865
195600,0.9117446670313681,153.74,76.87
195700,0.9117638275565523,153.74,76.87
195800,0.9117827865888668,153.75,76.875
195900,0.9118015848404312,153.75,76.875
196000,0.911819733677197,153.75,76.875
196100,0.9118388385363546,153.75,76.875
196200,0.9118578331852766,153.76,76.88
196300,0.9118769674226982,153.78,76.89
196400,0.9118962425384494,153.79,76.895
196500,0.9119149408516951,153.8,76.9
196600,0.9119340101631284,153.84,76.92
196700,0.9119528869432462,153.84,76.92
196800,0.9119718925260362,153.84,76.92
196900,0.9119909107726524,153.85,76.925
197000,0.9120096336364469,153.87,76.935
197100,0.9120290002043879,153.87,76.935
197200,0.9120477036866537,153.89,76.945
197300,0.9120664543728294,153.89,76.945
197400,0.9120852495373722,153.91,76.955
197500,0.9121042480859488,153.92,76.96
197600,0.9121225649978146,153.94,76.97
197700,0.9121415690082929,153.95,76.975
197800,0.9121601163437383,153.95,76.975
197900,0.9121786727266755,153.95,76.975
198000,0.9121969732486594,153.95,76.975
198100,0.9122159751034608,153.96,76.98
198200,0.9122343562467016,153.98,76.99
198300,0.9122528562871375,153.99,76.995
198400,0.9122713743655939,154.01,77.005
198500,0.9122897377837628,154.01,77.005
198600,0.9123084806706698,154.02,77.01
198700,0.9123274488669272,154.04,77.02
198800,0.9123460235829248,154.05,77.025
198900,0.912363971940285,154.05,77.025
199000,0.9123825449073868,154.06,77.03
199100,0.9124006801196037,154.06,77.03
199200,0.9124189899873345,154.07,77.035
199300,0.9124380817476255,154.07,77.035
199400,0.9124561887640588,154.08,77.04
199500,0.912474685071439,154.08,77.04
199600,0.912493048978536,154.08,77.04
199700,0.9125114298976308,154.08,77.04
199800,0.9125299806030543,154.08,77.04
199900,0.9125481042958863,154.09,77.045
